{"minzoom":0,"maxzoom":9,"center":[-3.164063,11.522876,9.0],"bounds":[-5.513695,9.413307,2.400444,15.084811]}