{"minzoom":0,"maxzoom":8,"center":[-0.703125,11.866483,8.0],"bounds":[-5.513695,9.413307,2.400444,15.084811]}